tile_x,tile_y,zoom
17182,11719,15
17182,11720,15
17183,11719,15
17183,11720,15
17189,11713,15
17189,11714,15
17190,11712,15
17190,11713,15
17190,11714,15
17191,11712,15
17191,11713,15
17191,11714,15
17192,11730,15
17192,11731,15
17193,11716,15
17193,11717,15
17193,11730,15
17193,11731,15
17199,11710,15
17199,11711,15
17199,11746,15
17199,11747,15
17200,11710,15
17200,11711,15
17200,11746,15
17200,11747,15
17205,11738,15
17207,11744,15
17208,11746,15
17215,11716,15
17216,11716,15
17217,11713,15
17217,11714,15
17221,11713,15
17221,11714,15
17221,11735,15
17221,11736,15
17222,11713,15
17222,11714,15
17222,11735,15
17222,11736,15
17224,11733,15
17225,11733,15
17232,11719,15
17232,11735,15
17232,11736,15
17233,11719,15
17233,11735,15
17233,11736,15
17234,11735,15
17236,11716,15
17237,11716,15
17242,11714,15
17242,11715,15
17243,11714,15
17243,11715,15
17244,11720,15
17244,11721,15
17245,11720,15
17245,11721,15
17246,11727,15
17251,11721,15
17251,11722,15
