timestamp_utc,SEZ2011,COMUNE,gap_score,road_type,traffic_road_coverage,congestione,lat,lon,assegnazione,distanza_m
2026-07-22T17:02:43+00:00,151830000004,Robecchetto con Induno,0.7553527057173448,Connecting road,one_side,0.4350000023841858,45.52196996879307,8.773755865281693,dentro_sezione,0.0
2026-07-22T17:02:43+00:00,151830000004,Robecchetto con Induno,0.7553527057173448,Connecting road,one_side,0.38599997758865356,45.52342989162323,8.774220569035021,dentro_sezione,0.0
2026-07-22T17:02:43+00:00,151830000004,Robecchetto con Induno,0.7553527057173448,Connecting road,full,0.28200000524520874,45.52516720551831,8.774836242932066,dentro_sezione,0.0
2026-07-22T17:02:43+00:00,151830000004,Robecchetto con Induno,0.7553527057173448,Connecting road,one_side,0.28200000524520874,45.52590818076077,8.775511980056763,dentro_sezione,0.0
2026-07-22T17:02:43+00:00,151830000004,Robecchetto con Induno,0.7553527057173448,Major local road,full,0.26099997758865356,45.52308746686345,8.780387764331952,dentro_sezione,0.0
2026-07-22T17:02:43+00:00,151830000005,Robecchetto con Induno,0.7359793597243346,Major local road,full,0.26099997758865356,45.52308746686345,8.780387764331952,dentro_sezione,0.0
2026-07-22T17:02:43+00:00,151830000004,Robecchetto con Induno,0.7553527057173448,Major local road,one_side,0.26099997758865356,45.52288371178277,8.780352450429747,dentro_sezione,0.0
2026-07-22T17:02:43+00:00,151830000005,Robecchetto con Induno,0.7359793597243346,Major local road,one_side,0.26099997758865356,45.52288371178277,8.780352450429747,dentro_sezione,0.0
2026-07-22T17:02:43+00:00,151830000004,Robecchetto con Induno,0.7553527057173448,Major local road,full,0.24800002574920654,45.521865543784834,8.781003064459362,dentro_sezione,0.0
2026-07-22T17:02:43+00:00,151830000005,Robecchetto con Induno,0.7359793597243346,Major local road,full,0.24800002574920654,45.521865543784834,8.781003064459362,dentro_sezione,0.0
2026-07-22T17:02:43+00:00,151830000004,Robecchetto con Induno,0.7553527057173448,Major local road,one_side,0.24800002574920654,45.522814657322115,8.776815487703214,dentro_sezione,0.0
2026-07-22T17:02:43+00:00,151830000005,Robecchetto con Induno,0.7359793597243346,Major local road,one_side,0.24800002574920654,45.522814657322115,8.776815487703214,dentro_sezione,0.0
2026-07-22T17:02:43+00:00,151830000004,Robecchetto con Induno,0.7553527057173448,Major local road,one_side,0.17299997806549072,45.523046586825544,8.775568205299335,dentro_sezione,0.0
2026-07-22T17:02:43+00:00,151830000004,Robecchetto con Induno,0.7553527057173448,Connecting road,one_side,0.09799998998641968,45.525564253090664,8.772391774392736,dentro_sezione,0.0
2026-07-22T17:02:43+00:00,151830000004,Robecchetto con Induno,0.7553527057173448,Connecting road,one_side,0.0820000171661377,45.52536722102715,8.772700484773804,dentro_sezione,0.0
2026-07-22T17:02:43+00:00,151830000004,Robecchetto con Induno,0.7553527057173448,Connecting road,one_side,0.04500001668930054,45.521267878789814,8.77352694845505,dentro_sezione,0.0
2026-07-22T17:02:43+00:00,151830000004,Robecchetto con Induno,0.7553527057173448,Connecting road,full,0.0,45.531546981084745,8.766989041198434,dentro_sezione,0.0
2026-07-22T17:02:43+00:00,151830000005,Robecchetto con Induno,0.7359793597243346,Connecting road,full,0.0,45.531546981084745,8.766989041198434,dentro_sezione,0.0
2026-07-22T17:02:43+00:00,151830000004,Robecchetto con Induno,0.7553527057173448,Connecting road,one_side,0.0,45.53183858004366,8.77402188755137,dentro_sezione,0.0
2026-07-22T17:02:43+00:00,151830000005,Robecchetto con Induno,0.7359793597243346,Connecting road,one_side,0.0,45.53183858004366,8.77402188755137,dentro_sezione,0.0
2026-07-22T17:02:43+00:00,151830000005,Robecchetto con Induno,0.7359793597243346,Major local road,full,0.0,45.53916750987006,8.757458788441577,dentro_sezione,0.0
2026-07-22T17:02:43+00:00,151830000005,Robecchetto con Induno,0.7359793597243346,Major local road,one_side,0.0,45.54424605378889,8.763281403897658,dentro_sezione,0.0
2026-07-22T17:02:43+00:00,151830000004,Robecchetto con Induno,0.7553527057173448,Local road,one_side,0.0,45.53265409511541,8.760132549019072,dentro_sezione,0.0
2026-07-22T17:02:43+00:00,151830000004,Robecchetto con Induno,0.7553527057173448,Minor local road,one_side,0.0,45.53761575768291,8.76283465367622,dentro_sezione,0.0
2026-07-22T17:02:43+00:00,150990000001,Dairago,0.7159220448648945,Secondary road,one_side,0.5539999902248383,45.56855690798105,8.86560635462001,dentro_sezione,0.0
2026-07-22T17:02:43+00:00,150990000002,Dairago,0.6942688026504515,Secondary road,one_side,0.5539999902248383,45.56855690798105,8.86560635462001,dentro_sezione,0.0
2026-07-22T17:02:43+00:00,150990000004,Dairago,0.7676872328697544,Secondary road,one_side,0.3309999704360962,45.56678603842281,8.864681050002083,dentro_sezione,0.0
2026-07-22T17:02:43+00:00,150990000001,Dairago,0.7159220448648945,Secondary road,one_side,0.3309999704360962,45.56678603842281,8.864681050002083,dentro_sezione,0.0
2026-07-22T17:02:43+00:00,150990000002,Dairago,0.6942688026504515,Secondary road,one_side,0.3309999704360962,45.56678603842281,8.864681050002083,dentro_sezione,0.0
2026-07-22T17:02:43+00:00,150990000004,Dairago,0.7676872328697544,Secondary road,one_side,0.3259999752044678,45.56481265702688,8.863904560869415,dentro_sezione,0.0
2026-07-22T17:02:43+00:00,150990000001,Dairago,0.7159220448648945,Secondary road,one_side,0.3259999752044678,45.56481265702688,8.863904560869415,dentro_sezione,0.0
2026-07-22T17:02:43+00:00,150990000004,Dairago,0.7676872328697544,Secondary road,one_side,0.3149999976158142,45.55780778403538,8.858351362535569,dentro_sezione,0.0
2026-07-22T17:02:43+00:00,150990000001,Dairago,0.7159220448648945,Secondary road,one_side,0.3149999976158142,45.55780778403538,8.858351362535569,dentro_sezione,0.0
2026-07-22T17:02:43+00:00,150990000002,Dairago,0.6942688026504515,Secondary road,one_side,0.3149999976158142,45.55780778403538,8.858351362535569,dentro_sezione,0.0
2026-07-22T17:02:43+00:00,150990000006,Dairago,0.7709685518618672,Connecting road,one_side,0.28200000524520874,45.57149217797702,8.865408897399902,dentro_sezione,0.0
2026-07-22T17:02:43+00:00,150990000006,Dairago,0.7709685518618672,Major local road,one_side,0.28200000524520874,45.57256215527032,8.860641575920546,dentro_sezione,0.0
2026-07-22T17:02:43+00:00,150990000004,Dairago,0.7676872328697544,Minor local road,one_side,0.19999998807907104,45.562405730715646,8.861408398605558,dentro_sezione,0.0
2026-07-22T17:02:43+00:00,150990000004,Dairago,0.7676872328697544,Secondary road,full,0.11699998378753662,45.56193211519635,8.862600737673281,dentro_sezione,0.0
2026-07-22T17:02:43+00:00,150990000004,Dairago,0.7676872328697544,Secondary road,one_side,0.11699998378753662,45.5639078869984,8.863589120971588,dentro_sezione,0.0
2026-07-22T17:02:43+00:00,150990000001,Dairago,0.7159220448648945,Secondary road,one_side,0.11699998378753662,45.5639078869984,8.863589120971588,dentro_sezione,0.0
2026-07-22T17:02:43+00:00,150990000004,Dairago,0.7676872328697544,Secondary road,full,0.07599997520446777,45.55567869119598,8.841961934675913,dentro_sezione,0.0
2026-07-22T17:02:43+00:00,150990000004,Dairago,0.7676872328697544,Secondary road,one_side,0.07599997520446777,45.55564287701036,8.843522303532794,dentro_sezione,0.0
2026-07-22T17:02:43+00:00,150990000004,Dairago,0.7676872328697544,Secondary road,full,0.0,45.563483235764856,8.8514176832315,dentro_sezione,0.0
2026-07-22T17:02:43+00:00,150990000004,Dairago,0.7676872328697544,Secondary road,one_side,0.0,45.56456359196585,8.856407006480609,dentro_sezione,0.0
2026-07-22T17:02:43+00:00,150990000002,Dairago,0.6942688026504515,Secondary road,one_side,0.0,45.56456359196585,8.856407006480609,dentro_sezione,0.0
2026-07-22T17:02:43+00:00,150990000006,Dairago,0.7709685518618672,Secondary road,one_side,0.0,45.56456359196585,8.856407006480609,dentro_sezione,0.0
2026-07-22T17:02:43+00:00,150990000005,Dairago,0.7542589327199739,Connecting road,full,0.0,45.56642785160364,8.858627128114422,dentro_sezione,0.0
2026-07-22T17:02:43+00:00,150990000002,Dairago,0.6942688026504515,Connecting road,full,0.0,45.56642785160364,8.858627128114422,dentro_sezione,0.0
2026-07-22T17:02:43+00:00,150990000006,Dairago,0.7709685518618672,Connecting road,full,0.0,45.56642785160364,8.858627128114422,dentro_sezione,0.0
2026-07-22T17:02:43+00:00,150990000004,Dairago,0.7676872328697544,Connecting road,one_side,0.0,45.56867570574669,8.858448273555307,dentro_sezione,0.0
2026-07-22T17:02:43+00:00,150990000005,Dairago,0.7542589327199739,Connecting road,one_side,0.0,45.56867570574669,8.858448273555307,dentro_sezione,0.0
2026-07-22T17:02:43+00:00,150990000001,Dairago,0.7159220448648945,Connecting road,one_side,0.0,45.56867570574669,8.858448273555307,dentro_sezione,0.0
2026-07-22T17:02:43+00:00,150990000002,Dairago,0.6942688026504515,Connecting road,one_side,0.0,45.56867570574669,8.858448273555307,dentro_sezione,0.0
2026-07-22T17:02:43+00:00,150990000006,Dairago,0.7709685518618672,Connecting road,one_side,0.0,45.56867570574669,8.858448273555307,dentro_sezione,0.0
2026-07-22T17:02:43+00:00,150990000006,Dairago,0.7709685518618672,Major local road,one_side,0.0,45.55717422629301,8.845896597205893,dentro_sezione,0.0
2026-07-22T17:02:43+00:00,150990000004,Dairago,0.7676872328697544,Local road,full,0.0,45.56049080963618,8.867019722863786,dentro_sezione,0.0
2026-07-22T17:02:43+00:00,150990000001,Dairago,0.7159220448648945,Local road,full,0.0,45.56049080963618,8.867019722863786,dentro_sezione,0.0
2026-07-22T17:02:43+00:00,150990000004,Dairago,0.7676872328697544,Local road,one_side,0.0,45.561388282446664,8.872864186880774,dentro_sezione,0.0
2026-07-22T17:02:43+00:00,150990000001,Dairago,0.7159220448648945,Local road,one_side,0.0,45.561388282446664,8.872864186880774,dentro_sezione,0.0
2026-07-22T17:02:43+00:00,150990000004,Dairago,0.7676872328697544,Minor local road,full,0.0,45.561428438759634,8.834358201965225,dentro_sezione,0.0
2026-07-22T17:02:43+00:00,150990000004,Dairago,0.7676872328697544,Minor local road,one_side,0.0,45.5615799714327,8.849604533226483,dentro_sezione,0.0
2026-07-22T17:02:43+00:00,151840000006,Robecco sul Naviglio,0.7230185825971769,Local road,one_side,0.22699999809265137,45.43662844988405,8.88895771632881,dentro_sezione,0.0
2026-07-22T17:02:43+00:00,151840000004,Robecco sul Naviglio,0.7107590900039538,Local road,one_side,0.22699999809265137,45.43662844988405,8.88895771632881,dentro_sezione,0.0
2026-07-22T17:02:43+00:00,151840000008,Robecco sul Naviglio,0.7257111688941349,Secondary road,one_side,0.1510000228881836,45.441743084303525,8.881676061043512,dentro_sezione,0.0
2026-07-22T17:02:43+00:00,151840000008,Robecco sul Naviglio,0.7257111688941349,Secondary road,one_side,0.13499999046325684,45.44085851000601,8.880981109960539,dentro_sezione,0.0
2026-07-22T17:02:43+00:00,151840000003,Robecco sul Naviglio,0.7196016242096119,Major local road,full,0.12999999523162842,45.43225454399049,8.888387935897153,dentro_sezione,0.0
2026-07-22T17:02:43+00:00,151840000003,Robecco sul Naviglio,0.7196016242096119,Connecting road,full,0.0,45.43019842486443,8.89620938589592,dentro_sezione,0.0
2026-07-22T17:02:43+00:00,151840000003,Robecco sul Naviglio,0.7196016242096119,Connecting road,one_side,0.0,45.441954285142494,8.90171769717261,dentro_sezione,0.0
2026-07-22T17:02:43+00:00,151840000006,Robecco sul Naviglio,0.7230185825971769,Connecting road,one_side,0.0,45.441954285142494,8.90171769717261,dentro_sezione,0.0
2026-07-22T17:02:43+00:00,151840000004,Robecco sul Naviglio,0.7107590900039538,Connecting road,one_side,0.0,45.441954285142494,8.90171769717261,dentro_sezione,0.0
2026-07-22T17:02:43+00:00,151840000008,Robecco sul Naviglio,0.7257111688941349,Connecting road,one_side,0.0,45.441954285142494,8.90171769717261,dentro_sezione,0.0
2026-07-22T17:02:43+00:00,151840000003,Robecco sul Naviglio,0.7196016242096119,Major local road,full,0.0,45.43121929815817,8.892277584937329,dentro_sezione,0.0
2026-07-22T17:02:43+00:00,151840000003,Robecco sul Naviglio,0.7196016242096119,Local road,one_side,0.0,45.432247183065684,8.891021681375092,dentro_sezione,0.0
2026-07-22T17:02:43+00:00,151840000006,Robecco sul Naviglio,0.7230185825971769,Local road,one_side,0.0,45.432247183065684,8.891021681375092,dentro_sezione,0.0
2026-07-22T17:02:43+00:00,151840000004,Robecco sul Naviglio,0.7107590900039538,Local road,one_side,0.0,45.432247183065684,8.891021681375092,dentro_sezione,0.0
2026-07-22T17:02:43+00:00,151840000008,Robecco sul Naviglio,0.7257111688941349,Local road,one_side,0.0,45.432247183065684,8.891021681375092,dentro_sezione,0.0
2026-07-22T17:02:43+00:00,151840000008,Robecco sul Naviglio,0.7257111688941349,Minor local road,one_side,0.0,45.43941609751204,8.893899776854008,dentro_sezione,0.0
2026-07-22T17:02:43+00:00,150720000017,Cerro Maggiore,0.6999223680906879,Major road,one_side,0.078000009059906,45.59502145075608,8.939056615006134,dentro_sezione,0.0
2026-07-22T17:02:43+00:00,150720000017,Cerro Maggiore,0.6999223680906879,Major road,one_side,0.0,45.59105770177239,8.944626274781946,dentro_sezione,0.0
2026-07-22T17:02:43+00:00,150720000017,Cerro Maggiore,0.6999223680906879,Secondary road,full,0.0,45.594215551345926,8.953186335191301,dentro_sezione,0.0
2026-07-22T17:02:43+00:00,150220000001,Besate,0.8066359409766615,Secondary road,one_side,0.0,45.315771935475986,8.96627275011781,dentro_sezione,0.0
2026-07-22T17:02:43+00:00,150720000017,Cerro Maggiore,0.6999223680906879,Major road,one_side,0.078000009059906,45.584547482314484,8.975248781889466,dentro_sezione,0.0
2026-07-22T17:02:43+00:00,150720000017,Cerro Maggiore,0.6999223680906879,Major road,one_side,0.0,45.58470973168929,8.9877696036276,dentro_sezione,0.0
2026-07-22T17:02:43+00:00,150720000017,Cerro Maggiore,0.6999223680906879,Secondary road,full,0.0,45.60141030593772,8.9686213742908,dentro_sezione,0.0
2026-07-22T17:02:43+00:00,150220000001,Besate,0.8066359409766615,Secondary road,one_side,0.0,45.32426656163478,8.982878503166173,dentro_sezione,0.0
2026-07-22T17:02:43+00:00,151030000093,Gaggiano,0.7171341415902132,Connecting road,one_side,0.5600000023841858,45.382937954794244,9.028012319595396,dentro_sezione,0.0
2026-07-22T17:02:43+00:00,151030000093,Gaggiano,0.7171341415902132,Connecting road,one_side,0.12300002574920654,45.370809135571754,9.029855888542867,dentro_sezione,0.0
2026-07-22T17:02:43+00:00,151030000093,Gaggiano,0.7171341415902132,Connecting road,one_side,0.0,45.385260384687875,9.02364657917271,dentro_sezione,0.0
2026-07-22T17:02:43+00:00,151030000093,Gaggiano,0.7171341415902132,Local road,full,0.0,45.382760066832404,9.02610878049352,dentro_sezione,0.0
2026-07-22T17:02:43+00:00,150270000046,Bollate,0.7233042911110021,Motorway,full,0.3349999785423279,45.549146226475806,9.139669129412088,dentro_sezione,0.0
2026-07-22T17:02:43+00:00,150270000044,Bollate,0.7092237674852166,Motorway,full,0.3349999785423279,45.549146226475806,9.139669129412088,dentro_sezione,0.0
2026-07-22T17:02:43+00:00,150270000046,Bollate,0.7233042911110021,Motorway,full,0.0,45.54342810017169,9.113975294974257,dentro_sezione,0.0
2026-07-22T17:02:43+00:00,150270000044,Bollate,0.7092237674852166,Motorway,full,0.0,45.54342810017169,9.113975294974257,dentro_sezione,0.0
2026-07-22T17:02:43+00:00,150270000044,Bollate,0.7092237674852166,Major local road,full,0.0,45.53808658077497,9.124244874771161,dentro_sezione,0.0
2026-07-22T17:02:43+00:00,150270000046,Bollate,0.7233042911110021,Major local road,one_side,0.0,45.535403025607614,9.127763148018758,dentro_sezione,0.0
2026-07-22T17:02:43+00:00,150270000044,Bollate,0.7092237674852166,Major local road,one_side,0.0,45.535403025607614,9.127763148018758,dentro_sezione,0.0
2026-07-22T17:02:43+00:00,150270000044,Bollate,0.7092237674852166,Local road,one_side,0.2879999876022339,45.5545543887093,9.149332668741936,dentro_sezione,0.0
2026-07-22T17:02:43+00:00,150270000044,Bollate,0.7092237674852166,Local road,one_side,0.23199999332427979,45.54979960434088,9.140347729644336,dentro_sezione,0.0
2026-07-22T17:02:43+00:00,151660000079,Paderno Dugnano,0.7118644067796609,Major local road,full,0.18599998950958252,45.569082794421774,9.163472529861998,dentro_sezione,0.0
2026-07-22T17:02:43+00:00,151660000079,Paderno Dugnano,0.7118644067796609,Major local road,one_side,0.1899999976158142,45.56925297032514,9.158502690640912,dentro_sezione,0.0
2026-07-22T17:02:43+00:00,151660000079,Paderno Dugnano,0.7118644067796609,Local road,one_side,0.1899999976158142,45.56933618226687,9.15823571418917,dentro_sezione,0.0
2026-07-22T17:02:43+00:00,151660000079,Paderno Dugnano,0.7118644067796609,Major local road,full,0.0,45.56489023503582,9.157638365308229,dentro_sezione,0.0
2026-07-22T17:02:43+00:00,151660000079,Paderno Dugnano,0.7118644067796609,Major local road,one_side,0.0,45.56524760113752,9.155948608876086,dentro_sezione,0.0
2026-07-22T17:02:43+00:00,151660000079,Paderno Dugnano,0.7118644067796609,Local road,one_side,0.0,45.567848545622844,9.154065301331164,dentro_sezione,0.0
2026-07-22T17:02:43+00:00,150270000046,Bollate,0.7233042911110021,Motorway,full,0.3349999785423279,45.544692145304694,9.148891574438004,dentro_sezione,0.0
2026-07-22T17:02:43+00:00,150270000044,Bollate,0.7092237674852166,Motorway,full,0.3349999785423279,45.544692145304694,9.148891574438004,dentro_sezione,0.0
2026-07-22T17:02:43+00:00,150270000046,Bollate,0.7233042911110021,Connecting road,one_side,0.10900002717971802,45.53489795331375,9.167288271902088,dentro_sezione,0.0
2026-07-22T17:02:43+00:00,150270000046,Bollate,0.7233042911110021,Motorway,full,0.0,45.533846680207574,9.158669276067336,dentro_sezione,0.0
2026-07-22T17:02:43+00:00,150270000044,Bollate,0.7092237674852166,Motorway,full,0.0,45.533846680207574,9.158669276067336,dentro_sezione,0.0
2026-07-22T17:02:43+00:00,150270000046,Bollate,0.7233042911110021,Connecting road,full,0.0,45.53698268423192,9.161235019975006,dentro_sezione,0.0
2026-07-22T17:02:43+00:00,150270000046,Bollate,0.7233042911110021,Connecting road,one_side,0.0,45.53355848228929,9.16196671155324,dentro_sezione,0.0
2026-07-22T17:02:43+00:00,150270000044,Bollate,0.7092237674852166,Major local road,full,0.0,45.54057504119782,9.148088608113014,dentro_sezione,0.0
2026-07-22T17:02:43+00:00,150270000046,Bollate,0.7233042911110021,Major local road,one_side,0.0,45.536330844838105,9.148686152316072,dentro_sezione,0.0
2026-07-22T17:02:43+00:00,150270000044,Bollate,0.7092237674852166,Major local road,one_side,0.0,45.536330844838105,9.148686152316072,dentro_sezione,0.0
2026-07-22T17:02:43+00:00,150770000308,Cinisello Balsamo,0.7375002525201512,Connecting road,one_side,0.23500001430511475,45.562693385485225,9.220466897710503,dentro_sezione,0.0
2026-07-22T17:02:43+00:00,150770000370,Cinisello Balsamo,0.7379158285402604,Connecting road,full,0.12699997425079346,45.57119829991747,9.205867836529581,dentro_sezione,0.0
2026-07-22T17:02:43+00:00,150770000308,Cinisello Balsamo,0.7375002525201512,Connecting road,one_side,0.12699997425079346,45.56908028197629,9.206141875530783,dentro_sezione,0.0
2026-07-22T17:02:43+00:00,150770000310,Cinisello Balsamo,0.7121097120693088,Connecting road,one_side,0.12699997425079346,45.56908028197629,9.206141875530783,dentro_sezione,0.0
2026-07-22T17:02:43+00:00,150770000370,Cinisello Balsamo,0.7379158285402604,Connecting road,one_side,0.12699997425079346,45.56908028197629,9.206141875530783,dentro_sezione,0.0
2026-07-22T17:02:43+00:00,150770000310,Cinisello Balsamo,0.7121097120693088,Connecting road,full,0.0,45.56692067323638,9.202777951905151,dentro_sezione,0.0
2026-07-22T17:02:43+00:00,150770000370,Cinisello Balsamo,0.7379158285402604,Connecting road,full,0.0,45.56692067323638,9.202777951905151,dentro_sezione,0.0
2026-07-22T17:02:43+00:00,150770000308,Cinisello Balsamo,0.7375002525201512,Connecting road,one_side,0.0,45.55678007351285,9.20136751573496,dentro_sezione,0.0
2026-07-22T17:02:43+00:00,150770000310,Cinisello Balsamo,0.7121097120693088,Connecting road,one_side,0.0,45.55678007351285,9.20136751573496,dentro_sezione,0.0
2026-07-22T17:02:43+00:00,150770000370,Cinisello Balsamo,0.7379158285402604,Connecting road,one_side,0.0,45.55678007351285,9.20136751573496,dentro_sezione,0.0
2026-07-22T17:02:43+00:00,150770000310,Cinisello Balsamo,0.7121097120693088,Local road,full,0.0,45.57449323209572,9.208405444121931,dentro_sezione,0.0
2026-07-22T17:02:43+00:00,150770000370,Cinisello Balsamo,0.7379158285402604,Local road,full,0.0,45.57449323209572,9.208405444121931,dentro_sezione,0.0
2026-07-22T17:02:43+00:00,150770000370,Cinisello Balsamo,0.7379158285402604,Local road,one_side,0.0,45.56980568396584,9.20919542933522,dentro_sezione,0.0
2026-07-22T17:02:43+00:00,151460002842,Milano,0.741696415945421,Secondary road,one_side,0.5069999992847443,45.396644194395925,9.201765638658662,dentro_sezione,0.0
2026-07-22T17:02:43+00:00,151460002842,Milano,0.741696415945421,Local road,full,0.3320000171661377,45.39816429361611,9.203453393733538,dentro_sezione,0.0
2026-07-22T17:02:43+00:00,151460002842,Milano,0.741696415945421,Local road,one_side,0.3320000171661377,45.39811685918039,9.203156012341395,dentro_sezione,0.0
2026-07-22T17:02:43+00:00,151460002842,Milano,0.741696415945421,Secondary road,full,0.32999998331069946,45.39832888954548,9.202358559871909,dentro_sezione,0.0
2026-07-22T17:02:43+00:00,151460002842,Milano,0.741696415945421,Secondary road,one_side,0.32999998331069946,45.39665306555872,9.201766025797633,dentro_sezione,0.0
2026-07-22T17:02:43+00:00,151460002842,Milano,0.741696415945421,Local road,full,0.2409999966621399,45.3983072905829,9.20354683975513,dentro_sezione,0.0
2026-07-22T17:02:43+00:00,151460002842,Milano,0.741696415945421,Local road,one_side,0.2409999966621399,45.39811685918039,9.203156012341395,dentro_sezione,0.0
2026-07-22T17:02:43+00:00,151460002842,Milano,0.741696415945421,Secondary road,full,0.2369999885559082,45.39884068176878,9.202339167668633,dentro_sezione,0.0
2026-07-22T17:02:43+00:00,151460002842,Milano,0.741696415945421,Secondary road,one_side,0.2369999885559082,45.397930162988374,9.202144145965576,dentro_sezione,0.0
2026-07-22T17:02:43+00:00,151590000022,Opera,0.730949158314262,Local road,full,0.0,45.40363874346403,9.21184266750719,dentro_sezione,0.0
2026-07-22T17:02:43+00:00,151460002842,Milano,0.741696415945421,Local road,full,0.0,45.40363874346403,9.21184266750719,dentro_sezione,0.0
2026-07-22T17:02:43+00:00,151460002842,Milano,0.741696415945421,Local road,one_side,0.0,45.40700771783476,9.206277734357807,dentro_sezione,0.0
2026-07-22T17:02:43+00:00,151460002842,Milano,0.741696415945421,Minor local road,one_side,0.0,45.407741156640114,9.206941072216923,dentro_sezione,0.0
2026-07-22T17:02:43+00:00,151590000022,Opera,0.730949158314262,Secondary road,full,0.31800001859664917,45.39613147685654,9.210075793771425,dentro_sezione,0.0
2026-07-22T17:02:43+00:00,151590000022,Opera,0.730949158314262,Connecting road,full,0.31800001859664917,45.39369047683254,9.211043388196943,dentro_sezione,0.0
2026-07-22T17:02:43+00:00,151590000013,Opera,0.7339534266263019,Connecting road,full,0.2329999804496765,45.39525054522934,9.22025928802611,dentro_sezione,0.0
2026-07-22T17:02:43+00:00,151590000022,Opera,0.730949158314262,Connecting road,full,0.2329999804496765,45.39525054522934,9.22025928802611,dentro_sezione,0.0
2026-07-22T17:02:43+00:00,151590000014,Opera,0.7350933747370183,Connecting road,full,0.2329999804496765,45.39525054522934,9.22025928802611,dentro_sezione,0.0
2026-07-22T17:02:43+00:00,151590000013,Opera,0.7339534266263019,Connecting road,one_side,0.23799997568130493,45.39271569587827,9.212618009376868,dentro_sezione,0.0
2026-07-22T17:02:43+00:00,151590000022,Opera,0.730949158314262,Connecting road,full,0.2250000238418579,45.39596929147226,9.214028992853233,dentro_sezione,0.0
2026-07-22T17:02:43+00:00,151590000014,Opera,0.7350933747370183,Connecting road,full,0.2250000238418579,45.39596929147226,9.214028992853233,dentro_sezione,0.0
2026-07-22T17:02:43+00:00,151590000014,Opera,0.7350933747370183,Connecting road,one_side,0.2250000238418579,45.39894654038961,9.216730606383374,dentro_sezione,0.0
2026-07-22T17:02:43+00:00,151590000022,Opera,0.730949158314262,Secondary road,full,0.0,45.38206332021853,9.215677288187184,dentro_sezione,0.0
2026-07-22T17:02:43+00:00,151460002842,Milano,0.741696415945421,Secondary road,full,0.0,45.38206332021853,9.215677288187184,dentro_sezione,0.0
2026-07-22T17:02:43+00:00,151590000014,Opera,0.7350933747370183,Secondary road,full,0.0,45.38206332021853,9.215677288187184,dentro_sezione,0.0
2026-07-22T17:02:43+00:00,151590000022,Opera,0.730949158314262,Secondary road,one_side,0.0,45.39613844714242,9.219480537550497,dentro_sezione,0.0
2026-07-22T17:02:43+00:00,151460002842,Milano,0.741696415945421,Secondary road,one_side,0.0,45.39613844714242,9.219480537550497,dentro_sezione,0.0
2026-07-22T17:02:43+00:00,151590000014,Opera,0.7350933747370183,Secondary road,one_side,0.0,45.39613844714242,9.219480537550497,dentro_sezione,0.0
2026-07-22T17:02:43+00:00,151590000013,Opera,0.7339534266263019,Connecting road,full,0.0,45.39029488814986,9.212923282221102,dentro_sezione,0.0
2026-07-22T17:02:43+00:00,151590000022,Opera,0.730949158314262,Connecting road,full,0.0,45.39029488814986,9.212923282221102,dentro_sezione,0.0
2026-07-22T17:02:43+00:00,151590000014,Opera,0.7350933747370183,Connecting road,full,0.0,45.39029488814986,9.212923282221102,dentro_sezione,0.0
2026-07-22T17:02:43+00:00,151590000013,Opera,0.7339534266263019,Connecting road,one_side,0.0,45.38678140716237,9.198868614205498,dentro_sezione,0.0
2026-07-22T17:02:43+00:00,151590000014,Opera,0.7350933747370183,Connecting road,one_side,0.0,45.38678140716237,9.198868614205498,dentro_sezione,0.0
2026-07-22T17:02:43+00:00,151590000022,Opera,0.730949158314262,Major local road,full,0.0,45.38718818434401,9.21662312884646,dentro_sezione,0.0
2026-07-22T17:02:43+00:00,151590000022,Opera,0.730949158314262,Major local road,one_side,0.0,45.39155565904474,9.203154132756246,dentro_sezione,0.0
2026-07-22T17:02:43+00:00,151460002842,Milano,0.741696415945421,Major local road,one_side,0.0,45.39155565904474,9.203154132756246,dentro_sezione,0.0
2026-07-22T17:02:43+00:00,151460002842,Milano,0.741696415945421,Local road,full,0.0,45.39377881615677,9.1916924431655,dentro_sezione,0.0
2026-07-22T17:02:43+00:00,151460002842,Milano,0.741696415945421,Local road,one_side,0.0,45.39344154371771,9.201863460943352,dentro_sezione,0.0
2026-07-22T17:02:43+00:00,151460002739,Milano,0.7105830473843242,Local road,one_side,0.0,45.41450224310337,9.250847563171416,dentro_sezione,0.0
2026-07-22T17:02:43+00:00,151460002738,Milano,0.694095645975406,Local road,one_side,0.0,45.41450224310337,9.250847563171416,dentro_sezione,0.0
2026-07-22T17:02:43+00:00,150700000003,Cernusco sul Naviglio,0.69710280023203,Secondary road,full,0.9299999997019768,45.52573908933544,9.328527741616902,dentro_sezione,0.0
2026-07-22T17:02:43+00:00,150700000003,Cernusco sul Naviglio,0.69710280023203,Secondary road,full,0.8809999972581863,45.52540849913574,9.327782476135264,dentro_sezione,0.0
2026-07-22T17:02:43+00:00,150700000003,Cernusco sul Naviglio,0.69710280023203,Secondary road,full,0.8790000006556511,45.525605975268036,9.326152587287615,dentro_sezione,0.0
2026-07-22T17:02:43+00:00,150700000003,Cernusco sul Naviglio,0.69710280023203,Secondary road,one_side,0.8790000006556511,45.52532940888501,9.327070713043213,dentro_sezione,0.0
2026-07-22T17:02:43+00:00,150700000003,Cernusco sul Naviglio,0.69710280023203,Secondary road,full,0.24800002574920654,45.53886149932577,9.340358221328417,dentro_sezione,0.0
2026-07-22T17:02:43+00:00,150700000003,Cernusco sul Naviglio,0.69710280023203,Motorway,full,0.0,45.527815772674586,9.321726564668827,dentro_sezione,0.0
2026-07-22T17:02:43+00:00,150700000003,Cernusco sul Naviglio,0.69710280023203,Secondary road,full,0.0,45.53142411021792,9.331645349969786,dentro_sezione,0.0
2026-07-22T17:02:43+00:00,150700000003,Cernusco sul Naviglio,0.69710280023203,Secondary road,one_side,0.0,45.5416992895145,9.333956802065305,dentro_sezione,0.0
2026-07-22T17:02:43+00:00,151390000005,Mediglia,0.7604290822407629,International road,full,0.0,45.39847648464177,9.338380895904566,dentro_sezione,0.0
2026-07-22T17:02:43+00:00,151390000012,Mediglia,0.8052276000196243,International road,full,0.0,45.39847648464177,9.338380895904566,dentro_sezione,0.0
2026-07-22T17:02:43+00:00,151390000001,Mediglia,0.726435540984742,Major road,full,0.46700000762939453,45.401492691430064,9.320618547254703,dentro_sezione,0.0
2026-07-22T17:02:43+00:00,151390000001,Mediglia,0.726435540984742,Major road,one_side,0.46700000762939453,45.40152355729849,9.321486353874207,dentro_sezione,0.0
2026-07-22T17:02:43+00:00,151390000001,Mediglia,0.726435540984742,Major road,full,0.1769999861717224,45.401111112175826,9.320487934153542,dentro_sezione,0.0
2026-07-22T17:02:43+00:00,151390000001,Mediglia,0.726435540984742,Major road,one_side,0.1769999861717224,45.40152355729849,9.321486353874207,dentro_sezione,0.0
2026-07-22T17:02:43+00:00,151390000001,Mediglia,0.726435540984742,Major local road,full,0.05699998140335083,45.40143104003319,9.32086669761891,dentro_sezione,0.0
2026-07-22T17:02:43+00:00,151390000006,Mediglia,0.7320891064249785,Major road,full,0.0,45.395506209987296,9.330621505505151,dentro_sezione,0.0
2026-07-22T17:02:43+00:00,151390000006,Mediglia,0.7320891064249785,Major road,one_side,0.0,45.387981467593,9.336097107353632,dentro_sezione,0.0
2026-07-22T17:02:43+00:00,151390000005,Mediglia,0.7604290822407629,Major road,one_side,0.0,45.387981467593,9.336097107353632,dentro_sezione,0.0
2026-07-22T17:02:43+00:00,151390000012,Mediglia,0.8052276000196243,Major road,one_side,0.0,45.387981467593,9.336097107353632,dentro_sezione,0.0
2026-07-22T17:02:43+00:00,151390000012,Mediglia,0.8052276000196243,Local road,full,0.0,45.38253899706809,9.339294030889395,dentro_sezione,0.0
2026-07-22T17:02:43+00:00,151390000012,Mediglia,0.8052276000196243,Local road,one_side,0.0,45.389178100641985,9.34156631293537,dentro_sezione,0.0
2026-07-22T17:02:43+00:00,151060000001,Gessate,0.6955934512145499,Connecting road,one_side,0.0,45.569124899466836,9.424260385411554,dentro_sezione,0.0
2026-07-22T17:02:43+00:00,151060000024,Gessate,0.7259449304054464,Connecting road,one_side,0.0,45.569124899466836,9.424260385411554,dentro_sezione,0.0
2026-07-22T17:02:43+00:00,151060000002,Gessate,0.7425160242073031,Minor local road,one_side,0.0,45.565513916891135,9.4275993807801,dentro_sezione,0.0
2026-07-22T17:02:43+00:00,151780000006,Pozzuolo Martesana,0.7249463935793504,Connecting road,one_side,0.7650000005960464,45.50994842374642,9.458863735198975,dentro_sezione,0.0
2026-07-22T17:02:43+00:00,151780000006,Pozzuolo Martesana,0.7249463935793504,Connecting road,one_side,0.09799998998641968,45.516811259375075,9.464666588862773,dentro_sezione,0.0
2026-07-22T17:02:43+00:00,151780000010,Pozzuolo Martesana,0.7180720735800431,Connecting road,one_side,0.09799998998641968,45.516811259375075,9.464666588862773,dentro_sezione,0.0
2026-07-22T17:02:43+00:00,151780000007,Pozzuolo Martesana,0.6870828006360621,Connecting road,one_side,0.09799998998641968,45.516811259375075,9.464666588862773,dentro_sezione,0.0
2026-07-22T17:02:43+00:00,151780000006,Pozzuolo Martesana,0.7249463935793504,Connecting road,one_side,0.0,45.50580008127537,9.47697972714586,dentro_sezione,0.0
2026-07-22T17:02:43+00:00,151780000010,Pozzuolo Martesana,0.7180720735800431,Connecting road,one_side,0.0,45.50580008127537,9.47697972714586,dentro_sezione,0.0
2026-07-22T17:02:43+00:00,151780000007,Pozzuolo Martesana,0.6870828006360621,Connecting road,one_side,0.0,45.50580008127537,9.47697972714586,dentro_sezione,0.0
2026-07-22T17:02:43+00:00,152240000010,Truccazzano,0.7476905228465803,Local road,one_side,1.0,45.46723403559061,9.471845626831055,dentro_sezione,0.0
2026-07-22T17:02:43+00:00,152240000010,Truccazzano,0.7476905228465803,Connecting road,one_side,0.0,45.47331853785624,9.468507138844243,dentro_sezione,0.0
2026-07-22T17:02:43+00:00,152240000010,Truccazzano,0.7476905228465803,Local road,full,0.0,45.46591039440623,9.473096416927122,dentro_sezione,0.0
2026-07-22T17:02:43+00:00,152240000010,Truccazzano,0.7476905228465803,Local road,one_side,0.0,45.465041842118275,9.473309218918446,dentro_sezione,0.0
2026-07-22T17:02:43+00:00,150590000040,Cassano d'Adda,0.8090312749814579,Connecting road,full,0.0,45.50357067234076,9.50942525522686,dentro_sezione,0.0
2026-07-22T17:02:43+00:00,150590000040,Cassano d'Adda,0.8090312749814579,Connecting road,one_side,0.0,45.50426898759802,9.510401922690258,dentro_sezione,0.0
2026-07-22T17:02:43+00:00,150590000040,Cassano d'Adda,0.8090312749814579,Minor local road,full,0.0,45.50394166487917,9.532664838297192,dentro_sezione,0.0
2026-07-22T17:02:43+00:00,150590000040,Cassano d'Adda,0.8090312749814579,Minor local road,one_side,0.0,45.49716974418288,9.528771574679906,dentro_sezione,0.0
2026-07-22T17:02:43+00:00,150220000002,Besate,0.8457837792598706,Secondary road,one_side,0.0,45.315771935475986,8.96627275011781,piu_vicino_esterno,201.4
2026-07-22T17:02:43+00:00,151390000004,Mediglia,0.7585618760948553,International road,full,0.0,45.39847648464177,9.338380895904566,piu_vicino_esterno,197.5
2026-07-22T17:02:43+00:00,152360000001,Vernate,0.7404237143838364,Connecting road,one_side,0.0,45.325713427507935,9.02939676932987,piu_vicino_esterno,381.6
2026-07-22T17:02:43+00:00,150770000455,Cinisello Balsamo,0.7342939680872247,Connecting road,one_side,0.0,45.55678007351285,9.20136751573496,piu_vicino_esterno,122.5
2026-07-22T17:02:43+00:00,150990000018,Dairago,0.7297543772564479,Connecting road,one_side,0.0,45.56867570574669,8.858448273555307,piu_vicino_esterno,162.9
2026-07-22T17:02:43+00:00,150770000392,Cinisello Balsamo,0.7272782368032968,Connecting road,full,0.0,45.56692067323638,9.202777951905151,piu_vicino_esterno,184.6
2026-07-22T17:02:43+00:00,152360000004,Vernate,0.7248915606322527,Major road,one_side,0.0,45.30766620560324,9.073944222117666,piu_vicino_esterno,378.9
2026-07-22T17:02:43+00:00,150770000393,Cinisello Balsamo,0.714057724663571,Connecting road,full,0.0,45.56692067323638,9.202777951905151,piu_vicino_esterno,78.8
2026-07-22T17:02:43+00:00,151390000003,Mediglia,0.7112179551928244,International road,full,0.0,45.39847648464177,9.338380895904566,piu_vicino_esterno,185.3
2026-07-22T17:02:43+00:00,150410000011,Busto Garolfo,0.7031690557477914,Connecting road,one_side,0.046000003814697266,45.5325983073582,8.905991695587195,piu_vicino_esterno,243.0
2026-07-22T17:02:43+00:00,151720000033,Pessano con Bornago,0.6917868903081323,Major road,one_side,0.0,45.54546172363839,9.390447756944354,piu_vicino_esterno,82.2
